{"cameraMode":{"drawMode":0,"name":"Shaded","section":"Shading Mode"},"sceneLighting":true,"audioPlay":false,"sceneViewState":{"m_AlwaysRefresh":false,"showFog":true,"showSkybox":false,"showFlares":true,"showImageEffects":true,"showParticleSystems":true,"showVisualEffectGraphs":true,"m_FxEnabled":true},"in2DMode":false,"pivot":{"x":1.2161210775375367,"y":0.05646668002009392,"z":1.6356124877929688},"rotation":{"x":-0.09246942400932312,"y":-0.6521378755569458,"z":0.07805655151605606,"w":-0.7492620944976807},"size":1.7771563529968262,"orthographic":false}