{"cameraMode":{"drawMode":0,"name":"Shaded","section":"Shading Mode"},"sceneLighting":false,"audioPlay":false,"sceneViewState":{"m_AlwaysRefresh":false,"showFog":true,"showSkybox":false,"showFlares":true,"showImageEffects":true,"showParticleSystems":true,"showVisualEffectGraphs":true,"m_FxEnabled":true},"in2DMode":false,"pivot":{"x":1.2140890248701909e-7,"y":0.000025117617042269558,"z":-5.399706424213946e-7},"rotation":{"x":0.1930008977651596,"y":-0.10192220658063889,"z":-0.021491272374987603,"w":-0.9764099717140198},"size":0.000017320508050033823,"orthographic":false}