{"cameraMode":{"drawMode":0,"name":"Shaded","section":"Shading Mode"},"sceneLighting":true,"audioPlay":false,"sceneViewState":{"m_AlwaysRefresh":false,"showFog":true,"showSkybox":true,"showFlares":true,"showImageEffects":true,"showParticleSystems":true,"showVisualEffectGraphs":true,"m_FxEnabled":true},"in2DMode":false,"pivot":{"x":-39.87255096435547,"y":1.3710507154464722,"z":121.45391845703125},"rotation":{"x":-0.05745060369372368,"y":0.8117772936820984,"z":-0.06885968148708344,"w":-0.5796646475791931},"size":1.3449431657791138,"orthographic":false}