{"cameraMode":{"drawMode":0,"name":"Shaded","section":"Shading Mode"},"sceneLighting":false,"audioPlay":false,"sceneViewState":{"m_AlwaysRefresh":false,"showFog":true,"showSkybox":false,"showFlares":true,"showImageEffects":true,"showParticleSystems":true,"showVisualEffectGraphs":true,"m_FxEnabled":true},"in2DMode":false,"pivot":{"x":-13.619550704956055,"y":7.591213226318359,"z":23.157655715942384},"rotation":{"x":-0.0026139109395444395,"y":-0.995940625667572,"z":0.032623954117298129,"w":-0.09030462801456452},"size":0.0014173203380778432,"orthographic":false}