{"cameraMode":{"drawMode":0,"name":"Shaded","section":"Shading Mode"},"sceneLighting":false,"audioPlay":false,"sceneViewState":{"m_AlwaysRefresh":false,"showFog":true,"showSkybox":false,"showFlares":true,"showImageEffects":true,"showParticleSystems":true,"showVisualEffectGraphs":true,"m_FxEnabled":true},"in2DMode":false,"pivot":{"x":-18.013525009155275,"y":-13.898702621459961,"z":1.6630741357803345},"rotation":{"x":0.24711188673973084,"y":-0.6467421650886536,"z":0.23303136229515077,"w":0.6842805743217468},"size":13.207734107971192,"orthographic":false}