{"cameraMode":{"drawMode":0,"name":"Shaded","section":"Shading Mode"},"sceneLighting":false,"audioPlay":false,"sceneViewState":{"m_AlwaysRefresh":false,"showFog":true,"showSkybox":false,"showFlares":true,"showImageEffects":true,"showParticleSystems":true,"showVisualEffectGraphs":true,"m_FxEnabled":true},"in2DMode":false,"pivot":{"x":39.28868865966797,"y":-12.226407051086426,"z":-11.222265243530274},"rotation":{"x":0.09818962216377258,"y":0.7969064712524414,"z":-0.13704819977283479,"w":0.5819695591926575},"size":24.853923797607423,"orthographic":false}