{"cameraMode":{"drawMode":0,"name":"Shaded","section":"Shading Mode"},"sceneLighting":false,"audioPlay":false,"sceneViewState":{"m_AlwaysRefresh":false,"showFog":true,"showSkybox":false,"showFlares":true,"showImageEffects":true,"showParticleSystems":true,"showVisualEffectGraphs":true,"m_FxEnabled":true},"in2DMode":false,"pivot":{"x":0.012487262487411499,"y":0.6961743831634522,"z":-5.960464477539063e-8},"rotation":{"x":-0.09086433053016663,"y":0.9015102982521057,"z":-0.23830872774124146,"w":-0.3514954745769501},"size":1.8075255155563355,"orthographic":false}