{"cameraMode":{"drawMode":0,"name":"Shaded","section":"Shading Mode"},"sceneLighting":false,"audioPlay":false,"sceneViewState":{"m_AlwaysRefresh":false,"showFog":true,"showSkybox":false,"showFlares":true,"showImageEffects":true,"showParticleSystems":true,"showVisualEffectGraphs":true,"m_FxEnabled":true},"in2DMode":false,"pivot":{"x":-0.3249998092651367,"y":1.7290000915527344,"z":-0.38000011444091799},"rotation":{"x":0.16966651380062104,"y":0.013500195927917958,"z":-0.01048596017062664,"w":0.9866852164268494},"size":12.12435531616211,"orthographic":false}